CHEMISTRY,NAME,human_CL_mL_min_kg,rat_CL_mL_min_kg,dog_CL_mL_min_kg,monkey_CL_mL_min_kg,human_VDss_L_kg,rat_VDss_L_kg,dog_VDss_L_kg,monkey_VDss_L_kg,human_fup,rat_fup,dog_fup,monkey_fup
Fc1c[nH]c(=O)[nH]c1=O,5-Fluorouracil,26,33,,,0.23,0.25,,,0.64,0.69,,
[nH]1cnc(=S)c(c12)[nH]cn2,6-Mercaptopurine,15,,,15.2,1,,,0.9,0.85,,,
CO[C@@H]1[C@H](NC)C[C@@H](O2)n(c3c4n5[C@]12C)c6c(cccc6)c3c7c([C@@H](O)NC7=O)c4c8c5cccc8,7-Hydroxystaurosporine,0,65,10.2,,0.15,16.7,6.09,,0.0022,,0.0074,
C1OC(=O)[C@](O)(CC)c(c12)cc3n(c2=O)Cc4c3nc5c(c4)c(N)ccc5,9-Aminocamptothecin,6.5,150,,,2.2,5,,,0.003,,,
OC[C@@H]1C=C[C@@H](C1)n(cn2)c(c23)nc(N)nc3NC4CC4,Abacavir,13,30,,,0.84,,,,0.5,,,
CCN(CC)CCNC(=O)c1ccc(cc1)NC(=O)C,Acecainide,4,28,6.4,,1.9,2.9,1.9,,0.9,0.58,0.9135,
Oc1ccc(cc1)NC(=O)C,Acetaminophen,5,15,4,7.3,1,0.92,0.58,,0.52,0.27,0.89,
O=S(=O)(N)c1sc(nn1)NC(=O)C,Acetazolamide,0.65,68,,,0.37,0.21,,,0.04,0.2,,
O=C(C)Oc1c(C(=O)O)cccc1,Acetylsalicylic Acid,12,87,,,0.22,0.4,,,0.68,,,
ClC1=NO[C@@H](C1)[C@H](N)C(=O)O,Acivicin,0.69,6.4,1.4,2.3,0.5,0.74,0.58,0.61,,,,
C1CCCN([C@H]12)C(C)=NC(=O)[C@]2(CCN(C(C)C)C(C)C)c3ccccc3,Actisomide,6.79,48,12,20,0.58,4.2,1.3,1.6,0.6954,0.63,0.618,0.6556
OCCOCn(cn1)c(c12)[nH]c(N)nc2=O,Acyclovir,4.7,6.7,6.1,8.8,0.71,0.7,0.98,0.9,0.85,0.19,0.67,
OP(=O)(O)COCCn(cn1)c(c12)ncnc2N,Adefovir,3.7,22,5.3,16,0.42,1.6,1.3,0.81,0.96,,,
CC(C)(C)NCC(O)c1cc(CO)c(O)cc1,Albuterol,7.8,97,32,,1.9,30,3.9,,0.92,0.05,0.05,
c1ccccc1N(C(=O)CC)C2(COC)CCN(CC2)CCn3nnn(c3=O)CC,Alfentanil,3.9,29,19,32,0.45,0.54,0.6,1.1,0.086,0.16,0.27,
n1cnc(=O)c(c12)c[nH][nH]2,Allopurinol,11,,0.97,,0.58,,0.16,,0.97,,,
C1CCCN1S(=O)(=O)Cc(cc2)cc(c23)c(c[nH]3)CCN(C)C,Almotriptan,8.9,55.8,28.52,40,2.2,2.7,3.98,2.61,0.6,0.72,0.73,0.6989
c1ccccc1C2=NCc(nnc3C)n3c(c24)ccc(Cl)c4,Alprazolam,0.74,133,,,0.8,2.7,,,0.29,0.35,,
NC12CC3CC(C1)CC(C2)C3,Amantadine,4.8,19,,,6.6,6.4,,,0.33,0.52,,
CN1CCN(CC1)c(c(F)c2)cc(c23)n(NC)cc(c3=O)C(=O)O,Amifloxacin,4.56,12,4.5,7.3,1.6,3.6,0.91,1.4,,,,
O[C@@H]1[C@@H](N)[C@H](O)[C@@H](CO)O[C@@H]1O[C@H]2[C@H](NC(=O)[C@@H](O)CCN)C[C@H](N)[C@H]([C@@H]2O)O[C@H]3O[C@H](CN)[C@@H](O)[C@H](O)[C@H]3O,Amikacin,1.1,5.4,3.5,,0.16,0.16,0.2,,0.88,,,
OC(=O)C1(N)CC1,Aminocyclopropanecarboxylic Acid,1.5,3.2,0.4,3.1,0.73,0.64,0.7,0.72,,,,
CCN(CC)CCOc1c(I)cc(cc1I)C(=O)c(c(o2)CCCC)c(c23)cccc3,Amiodarone,1.9,25,29,,60,21,1.4,,0.0002,0.0001,0.0001,
c1cccc(c12)CCc3c(cccc3)C2=CCCN(C)C,Amitriptyline,6.1,71,,,8.7,11,,,0.07,0.11,,
Clc1ccccc1C2C(C(=O)OCC)=C(COCCN)NC(C)=C2C(=O)OC,Amlodipine,7,122,11,,17,32,25,,0.005,0.06,0.03,
OC(=O)[C@@H](C(S1)(C)C)N([C@H]12)C(=O)[C@H]2NC(=O)[C@H](N)c3ccc(O)cc3,Amoxicillin,3.3,17,3.4,,0.25,0.5,0.31,,0.85,0.82,0.66,
O[C@H]1[C@@H](N)[C@H](O)[C@@H](C)O[C@H]1O[C@H](C[C@H](O[C@@]23O)[C@@H]([C@@H](O)C2)C(=O)O)/C=C/C=C/C=C/C=C/C=C/C=C/C=C/[C@H](C)[C@@H](O)[C@@H](C)[C@H](C)OC(=O)C[C@H](O)C[C@H](O)CC[C@@H](O)[C@H](O)C[C@H](O)C3,Amphotericin B,0.17,1.9,0.9,4.2,0.62,2.3,10,9.3,0.03,0.11,0.085,0.0102
OC(=O)[C@@H](C(S1)(C)C)N([C@H]12)C(=O)[C@H]2NC(=O)[C@H](N)c3ccccc3,Ampicillin,2.8,19,9.1,,0.22,1.1,0.58,,0.85,0.6,0.58,
O=c1[nH]cc(cc1N)-c2ccncc2,Amrinone,8.9,,6,,1.3,,1.2,,0.89,,,
O=S(=O)(C)Nc1ccc(c(c1)OC)Nc2c(cccc3)c3nc(c24)cccc4,Amsacrine,4.3,83,16,,1.6,4.5,2.8,,0.029,0.1,0.081,
O=S(=O)(C)Nc1ccc(c(c1)OC)Nc2c(cccc3C)c3nc(c24)c(ccc4)C(=O)NC,Amsalog,2.6,66,3.7,,0.3,2,1,,0.0011,0.011,0.0038,
Oc1ccc(cc1)[C@H](O)[C@@H](O)[C@H](NC2=O)C(=O)N[C@@H]([C@H](O)C)C(=O)N(C[C@H](C)[C@@H]3O)[C@@H]3C(=O)N[C@H](O)[C@H](O)C[C@@H](C(=O)N[C@@H]([C@H](O)C)C(=O)N([C@H]24)C[C@@H](C4)O)NC(=O)c5ccc(cc5)-c6ccc(cc6)-c7ccc(cc7)OCCCCC,Anidulafungin,0.21,,1.7,,0.57,,1.8,,0.16,,,
O=c1cc(C)n(C)n1-c2ccccc2,Antipyrine,0.64,9.1,6.3,4.6,0.77,0.81,0.09,0.74,0.93,1,0.6,0.9083
O=c1nc([nH][nH]1)CN2[C@@H](c3ccc(F)cc3)[C@H](OCC2)O[C@H](C)c4cc(C(F)(F)F)cc(c4)C(F)(F)F,Aprepitant,1,18,2.6,,0.94,3.2,1,,0.05,0.002,0.0009,
[C@@]123[C@H]4O[C@@](OO1)(C)CC[C@H]3[C@H](C)CC[C@H]2[C@@H](C)[C@@H](O4)OC(=O)CCC(=O)O,Artesute,1070,212,44,,15,4,,,0.25,0.22,0.1808,
CC(C)NCC(O)COc1ccc(cc1)CC(=O)N,Atenolol,2.5,69,4.4,7.5,0.95,5.4,1.4,,0.94,0.87,0.6485,0.7837
Cc1ccccc1O[C@H](CCNC)c2ccccc2,Atomoxetine,9.3,36,7.4,,0.85,4.3,1.4,,0.02,0.11,0.03,
[C@@H]12N(C)[C@@H](CC1)CC(C2)OC(=O)C(CO)c3ccccc3,Atropine,7.6,53,,41,3.3,23,,0.55,0.61,0.77,,0.7779
Clc1ccc(cc1)Cc2nn(c(=O)c(c23)cccc3)C4CCCN(C)CC4,Azelastine,9,58,50,,15,1.8,8.1,,0.17,0.1,0.0826,
O[C@@H]1[C@@H](N(C)C)C[C@@H](C)O[C@H]1O[C@@H]([C@@]2(O)C)[C@@H](C)[C@H](O[C@@H](C3)O[C@@H](C)[C@H](O)[C@]3(C)OC)[C@@H](C)C(=O)O[C@H](CC)[C@](O)(C)[C@H](O)[C@@H](C)N(C)C[C@@H](C2)C,Azithromycin,10,34,6,,33,84,12,,0.88,0.71,0.74,
OC(=O)[C@@H](C(S1)(C)C)N(C12)C(=O)[C@H]2NC(=O)C(c3ccccc3)NC(=O)N4CCNC4=O,Azlocillin,2.5,,2.8,,0.26,,0.27,,0.65,,,
OS(=O)(=O)N1[C@@H](C)[C@@H](C1=O)NC(=O)/C(=N\OC(C)(C)C(=O)O)c2nc(N)sc2,Aztreom,1.5,15,9.4,,0.18,0.41,2.1,,0.4,0.15,0.8,0.53
C1=CC(=O)C=C([C@]12C)CC[C@@H]3[C@]2(F)[C@@H](O)C[C@@]4(C)[C@H]3C[C@H](C)[C@]4(O)C(=O)CO,Betamethasone,2.8,5,,,1.3,0.68,,,0.36,0.12,0.3,
OC(=O)CCNC(=O)c1ccccc1,Betamipron,9.2,17,8,7.9,0.28,0.23,0.4,0.23,0.17,0.14,0.59,0.28
C1CC1COCCc2ccc(cc2)OCC(O)CNC(C)C,Betaxolol,3.4,154,20,,4.8,12,8.2,,0.4,0.54,0.47,
Cc1cccc(c1)OCC(O)CNCCc2cc(OC)c(OC)cc2,Bevantolol,5.5,,45,,0.67,,4,,0.015,0.06,0.04,
c1nc[n+](n12)CC(C2)SC([C@@H]3C)=C(C([O-])=O)N([C@H]34)C(=O)[C@@H]4[C@H](O)C,Biapenem,2.5,13,4.7,5.5,0.2,0.19,0.21,0.25,0.92,0.96,0.94,
O[C@H]1C(=O)O[C@@H](OC2=O)[C@]1([C@]234)[C@](O)(C(C)(C)C)C[C@@H]3OC(=O)C4,Bilobalide,10,140,,,2.5,10,,,,,,
c1ccccc1C(O)(C(C23)CC(C2)C=C3)CCN4CCCCC4,Biperiden,12,68,27,,12,12,9.7,,0.097,0.31,0.19,
CC(C)NCC(O)COc1ccc(cc1)COCCOC(C)C,Bisoprolol,3.7,13,7.9,12,2.4,1.4,3.5,3,0.66,0.85,0.72,0.75
Clc1ccccc1C2=NCc(nnc3C)n3c(c24)sc(Br)c4,Brotizolam,2,23,11,13,0.75,3,6.1,6.5,0.092,0.22,,
CCCC(O1)O[C@@H]([C@@]12C(=O)CO)C[C@@H]3[C@]2(C)C[C@H](O)[C@H]4[C@H]3CCC=5[C@]4(C)C=CC(=O)C5,Budesonide,20,72,,,3.9,29.2,,,0.13,0.039,,
CCCCN1C(CCCC1)C(=O)Nc2c(C)cccc2C,Bupivacaine,4.3,76,32,10,0.84,2.4,0.7,0.66,0.056,0.23,0.11,0.051
CC(C)(C)[C@](O)(C)[C@@H](C1)[C@](OC)(CC2)[C@@H]3Oc(c(O)cc4)c5c4C[C@H]([C@]12[C@]356)N(CC6)CC7CC7,Buprenorphine,19,0.05,,,4.9,8.37,,,0.04,,,
O=S(=O)(C)OCCCCOS(=O)(=O)C,Busulphan,2.4,5,19.25,,0.55,0.68,1,,1,0.91,,
C1CCC1CN(CC2)[C@H]([C@]([C@@]234)(O)CCCC3)Cc5c4cc(O)cc5,Butorphanol,41,91.2,58,,12,4.8,8.4,,0.17,0.34,0.3687,
n1cn(C)c(c12)c(=O)n(C)c(=O)n2C,Caffeine,1.4,12.5,2.35,3.06,0.63,0.92,0.76,0.83,0.64,0.96,,0.9837
OC(=O)C1CCC(CC1)NC(=O)C2(CCCC2)C[C@H](C(=O)O)COCCOC,Candoxatrilat,2.3,15,5.8,,0.25,,,,0.8723,0.23,,
SC[C@@H](C)C(=O)N1[C@H](C(=O)O)CCC1,Captopril,12,13,10.08,18.92,0.75,1.7,2.45,3.63,0.73,,,
[Pt+2],Carboplatin,1.5,11.5,3.3,72.9,0.26,0.4,0.99,0.32,1,,0.9116,1
ClCCN(N=O)C(=O)NCCCl,Carmustine,78,,17.8,21,1.2,,1.1,0.9,0.23,,,
O=C(N)OC[C@H]1N(S(=O)(=O)O)C(=O)[C@H]1NC(=O)/C(=N\OCC(=O)O)c2nc(N)sc2,Carumom,1.5,22,5.5,4.5,0.18,0.1,0.1,0.12,0.72,0.7,0.89,0.76
CCC(C)CC(C)CCCCCCCCC(=O)N[C@@H](C[C@@H](O)[C@H](NC1=O)NCCN)C(=O)N[C@@H]([C@H](O)C)C(=O)N(C[C@@H](C2)O)[C@@H]2C(=O)N[C@@H]([C@H](O)[C@@H](O)c3ccc(O)cc3)C(=O)N[C@@H]([C@H](O)CCN)C(=O)N([C@H]14)CC[C@@H]4O,Caspofungin,0.14,0.43,,0.3,0.13,0.5,,0.3,0.035,,,
Cn1nnnc1SCC(CS2)=C(C(=O)O)N([C@H]23)C(=O)[C@H]3NC(=O)[C@H](O)c4ccccc4,Cefamandole,3.6,21.8,,,0.16,0.25,,,0.25,,,
Cc1nnc(s1)SCC(CS2)=C(C(=O)O)N([C@H]23)C(=O)[C@H]3NC(=O)Cn4nnnc4,Cefazolin,0.89,5.4,3.5,1.9,0.12,0.17,0.27,0.13,0.18,0.08,0.7,0.08
[H]/N=C(\[O-])C12CC[N+](CC1)(CC2)CC(CS3)=C(C(=O)O)N([C@H]34)C(=O)[C@H]4NC(=O)/C(=N\OC)c5nc(sn5)N,Cefclidin,1.7,,3.3,,0.27,,0.23,,,,,
C1CCC[N+]1(C)CC(CS2)=C(C([O-])=O)N([C@H]23)C(=O)[C@H]3NC(=O)/C(=N\OC)c4nc(N)sc4,Cefepime,2.2,11,2.2,1.6,0.28,0.38,0.14,0.2,0.78,0.9,0.5182,
C=CC(CS1)=C(C(=O)O)N([C@H]12)C(=O)[C@H]2NC(=O)/C(=N\OCC(=O)O)c3nc(N)sc3,Cefixime,1,6,0.4,,0.24,0.4,0.24,,0.31,0.4,0.07,
Cn1nnnc1SCC(CS2)=C(C(=O)O)N([C@H]23)C(=O)[C@H]3NC(=O)/C(=N\OC)c4nc(N)sc4,Cefmenoxime,3.65,7.46,8.91,,0.2,0.28,0.3,,,,,
N#CCSCC(=O)N[C@]1(OC)C(=O)N([C@@H]12)C(C(=O)O)=C(CS2)CSc3nnnn3C,Cefmetazole,1.5,25.3,8,3.3,0.13,0.35,0.9,0.3,0.15,0.55,0.75,0.34
Nc1scc(n1)/C(=N/OC)C(=O)N[C@@H]2C(=O)N([C@@H]23)C(C(=O)O)=C(CS3)CSc4sc(c(n4)C)CC(=O)O,Cefodizime,0.61,1.1,4.1,1.2,0.05,0.18,0.26,0.15,0.18,0.0097,0.2433,1
Cn1nnnc1SCC(CS2)=C(C(=O)O)N([C@H]23)C(=O)[C@H]3NC(=O)[C@@H](c4ccc(O)cc4)NC(=O)N5CCN(C(=O)C5=O)CC,Cefoperazone,1.3,23,5.8,0.96,0.17,0.39,0.28,0.13,0.07,0.36,0.5902,0.2744
NCc1ccccc1CC(=O)N[C@@H]2C(=O)N([C@@H]23)C(C(=O)O)=C(CS3)CSc4nnnn4CC(=O)O,Ceforanide,0.66,5.4,6.5,,0.17,0.5,0.5,,0.19,,,
OCCn1c(N)cc[n+]1CC(CS2)=C(C([O-])=O)N([C@H]23)C(=O)[C@H]3NC(=O)/C(=N\OC)c4nc(N)sc4,Cefoselis,1.77,9.6,3.5,1.9,0.3,0.2,0.39,0.28,,,,
O=C(C)OCC(CS1)=C(C(=O)O)N([C@H]12)C(=O)[C@H]2NC(=O)/C(=N\OC)c3nc(N)sc3,Cefotaxime,2.7,,8.13,,0.19,,0.5,,0.6,0.59,,
Cn1nnnc1SCC(CS2)=C(C(=O)O)N([C@H]23)C(=O)[C@@]3(OC)NC(=O)C4SC(S4)=C(C(=O)N)C(=O)O,Cefotetan,0.42,12.78,4,1.7,0.13,0.25,0.25,0.17,0.15,0.7,0.6,0.13
O=C(N)OCC(CS1)=C(C(=O)O)N([C@H]12)C(=O)[C@@]2(OC)NC(=O)Cc3sccc3,Cefoxitin,3.6,,11,,0.17,,0.6,,0.73,,,
c1ccn[n+](c12)ccn2CC(CS3)=C(C([O-])=O)N([C@H]34)C(=O)[C@H]4NC(=O)/C(=N\OC)c5nc(sn5)N,Cefozopran,2.1,9.4,3,1.9,0.24,0.2,0.2,0.2,0.7386,0.93,0.9,0.9
OS(=O)(=O)CCc1cc[n+](cc1)CC(CS2)=C(C([O-])=O)N([C@H]23)C(=O)[C@H]3NC(=O)[C@@H](c4ccccc4)NC(=O)c5nc[nH]c5C(=O)O,Cefpimizole,1.7,,0.6,3,0.21,,0.2,0.3,,,0.07,
Cn1nnnc1SCC(CS2)=C(C(=O)O)N([C@H]23)C(=O)[C@H]3NC(=O)[C@@H](c4ccc(O)cc4)NC(=O)c5c(=O)cc(C)[nH]c5,Cefpiramide,0.48,9.5,5.7,0.5,0.15,0.26,0.49,0.1,0.03,0.54,0.7,0.07
Nc1scc(n1)/C(=N/OC)C(=O)N[C@@H]2C(=O)N([C@@H]23)C(C([O-])=O)=C(CS3)C[n+](ccc4)c(c45)CCC5,Cefpirome,1.9,9.5,3.2,2.4,0.24,0.3,0.22,0.27,0.9,,0.5423,0.4458
c1cccc[n+]1CC(CS2)=C(C([O-])=O)N([C@H]23)C(=O)[C@H]3NC(=O)/C(=N\OC(C)(C)C(=O)O)c4nc(N)sc4,Ceftazidime,2.4,8.7,3.2,2.1,0.31,0.3,0.21,0.26,0.79,,1,0.9451
S1CC=C(C(=O)O)N([C@H]12)C(=O)[C@H]2NC(=O)/C(=N\OC)c3nc(N)sc3,Ceftizoxime,2.1,19.33,3.25,5.93,0.2,0.54,0.27,0.29,0.72,0.7,0.83,0.662
Nc1scc(n1)/C(=N/OC)C(=O)N[C@@H]2C(=O)N([C@@H]23)C(C(=O)O)=C(CS3)CSc4nc(=O)c(=O)[nH]n4C,Ceftriaxone,0.26,20,3.95,0.19,0.09,1,0.25,0.11,0.052,0.071,0.7172,0.0487
O=C(N)OCC(CS1)=C(C(=O)O)N([C@H]12)C(=O)[C@H]2NC(=O)/C(=N\OC)c3occc3,Cefuroxime,2.2,,5,,0.15,,1.5,,0.36,,,
CC(C)C[C@@H](B(O)O)NC(=O)[C@H]([C@H](O)C)NC(=O)c1nc(ccc1)-c2ccccc2,CEP-18770,0.29,3.17,,,0.87,18.1,,,,,,
S1CC(C)=C(C(=O)O)N([C@H]12)C(=O)[C@H]2NC(=O)[C@H](N)c3ccccc3,Cephalexin,3.9,24.2,,,0.21,0.85,,,0.85,,,
S1CC(C)=C(C(=O)O)N([C@H]12)C(=O)[C@H]2NC(=O)[C@H](N)C3=CCC=CC3,Cephradine,3.3,21.7,,,0.21,1.1,,,0.95,,,
Fc1ccc(cc1)-c2c(COC)c(C(C)C)nc(C(C)C)c2/C=C/[C@@H](O)C[C@@H](O)CC(=O)O,Cerivastatin,2.9,27,,,0.33,3,,,0.01,,,
c1cc(Cl)cc(c1=2)=C(N(O)CC(\N2)=N\C)c3ccccc3,Chlordiazepoxide,0.37,7.8,,,0.25,1.3,,,0.056,0.15,,
CCC#CC[C@H](C)[C@H](O)C#C[C@@H]([C@H](O)C1)[C@H]([C@H]12)CC(\C2)=C\COCC(=O)O,Cicaprost,3.8,49,,14.3,0.08,1,,1.2,,,,
OP(=O)(O)CO[C@H](CO)Cn1ccc(N)nc1=O,Cidofovir,2.5,0.7,,3.5,0.49,2,,0.8,1,1,,
C1CNCCN1c(c(F)c2)cc(c23)n(C4CC4)cc(c3=O)C(=O)O,Ciprofloxacin,8.3,27,18,4.7,2.1,4.6,3.1,1.8,0.7,0.79,0.8772,0.5505
Fc1ccc(cc1)C(OC2)(CCCN(C)C)c(c23)ccc(c3)C#N,Citalopram,4.3,82,14,40,12,21,10,10,0.2,0.26,0.4444,0.3989
Nc1nc(Cl)nc(c12)n(cn2)[C@@H]3O[C@@H]([C@@H](O)C3)CO,Cladribine,14,25.3,,,7.7,4.5,,,0.79,,,
Cc1ccc(nc1)S(=O)(=O)Nc2nc(-c3cc(ncc3)-c4n[nH]nn4)nc(OCCO)c2Oc5c(OC)cccc5,Clazosentan,10.5,11.7,2.89,19,0.23,0.32,0.11,0.36,,,,
Clc1cccc(c1Cl)C2C(=C(C)NC(C)=C2C(=O)OC)C(=O)OCOC(=O)CCC,Clevidipine,142,324,163,,0.58,0.44,0.21,,0.0038,,,
O[C@@H]1[C@H](O)[C@@H](O)[C@@H](SC)O[C@@H]1[C@@H]([C@@H](Cl)C)NC(=O)[C@H]2N(C)C[C@@H](C2)CCC,Clindamycin,4.5,40,6.1,,0.79,1.4,0.86,,0.06,0.325,0.035,
c1cc(Cl)cc(c12)N(CCCN(C)C)c3c(CC2)cccc3,Clomipramine,8.2,,23.3,,13,,3.7,,0.029,,0.01,
C1CN(C)CCN1C(=c(c2=3)cccc2)Nc4c(N3)ccc(Cl)c4,Clozapine,2.5,77.5,,,1.6,8.68,,,0.055,,,
Clc1ccccc1C(=NCC(=O)N2)c(c23)cc([N+]([O-])=O)cc3,Clozepam,0.88,70.5,24,14.3,2.9,3.1,2.49,6.8,0.15,,0.18,0.1213
CCOC(=O)[C@H]([C@H](N1C)CC2)[C@H](C[C@@H]12)OC(=O)c3ccccc3,Cocaethylene,13,,42.2,,1.6,,2.68,,0.64,,,
[C@@H]12N(C)[C@@H](CC1)C[C@@H]([C@@H]2C(=O)OC)OC(=O)c3ccccc3,Cocaine,32,253,48.7,,2,16.4,2.6,,0.12,0.78,0.7598,
[C@@]123[C@@H]4[C@@H](O)C=C[C@H]2[C@H](N(C)CC3)Cc5c1c(O4)c(OC)cc5,Codeine,15,103.3,,,3.5,5.1,,,0.7,0.92,,
c1cc(OC)c(=O)cc([C@H](CC2)NC(=O)C)c1c(c23)c(OC)c(OC)c(c3)OC,Colchicine,2.1,34.3,,,6.1,31.4,,,0.61,0.72,,
ClCCN(CCCl)P1(=O)OCCCN1,Cyclophosphamide,1.1,11.1,20,,0.73,0.67,0.7,,0.87,,,
C/C=C/C[C@@H](C)[C@@H](O)[C@@H]1N(C)C(=O)[C@H](C(C)C)N(C)C(=O)[C@H](CC(C)C)N(C)C(=O)[C@H](CC(C)C)N(C)C(=O)[C@@H](C)NC(=O)[C@H](C)NC(=O)[C@H](CC(C)C)N(C)C(=O)[C@H](C(C)C)NC(=O)[C@H](CC(C)C)N(C)C(=O)CN(C)C(=O)[C@@H](NC1=O)CC,Cyclosporine,7.5,1.7,8.1,,3.3,2.56,10.8,,0.068,0.0009,0.0001,
O[C@H]1[C@H](O)[C@@H](CO)O[C@H]1n2ccc(N)nc2=O,Cytarabine,41.67,,11.3,,0.67,,0.86,,,,,
N[C@@H](C)Cc1ccccc1,d-Amphetamine,9.7,90,7.1,,6.1,6.6,2.7,,0.8,0.59,0.73,
Nc1ccc(cc1)S(=O)(=O)c2ccc(N)cc2,Dapsone,0.48,5.2,,,0.83,1.6,,,0.25,,,
c1ccccc1C(C(=O)N)(c2ccccc2)[C@@H]3CCN(C3)CCc(cc4)cc(c45)CCO5,Darifecin,12,59,39,,2.6,7,6.8,,0.02,0.03,0.02,
OC[C@H]1O[C@H](C[C@@H]1O)n2c(=O)nc(N)nc2,Decitabine,130,7.9,8.6,,4.6,1.8,0.85,,1,1,1,
O=C1C=CC=CC1=C2NC(=C3C(=O)C=CC=C3)NN2c4ccc(cc4)C(=O)O,Deferasirox,0.84,6.2,,,0.2,0.46,,,,0.8,,
CNCCCN1c(cccc2)c2CCc(c13)cccc3,Desipramine,11,9.8,,,15,19.8,,,0.16,,,
c1cc(Cl)cc(c12)C(=NCC(=O)N2)c3ccccc3,Desmethyldiazepam,0.12,59.2,,,0.45,3.03,,,0.03,0.212,,
C1=CC(=O)C=C([C@]12C)CC[C@@H]3[C@]2(F)[C@@H](O)C[C@@]4(C)[C@H]3C[C@@H](C)[C@]4(O)C(=O)CO,Dexamethasone,3.3,3.2,6.4,,0.94,1.1,1.04,,0.32,0.08,0.2622,
Clc1ccc(cc1Cl)C(=O)N[C@H](CCC(=O)O)C(=O)N(CCCCC)CCCOC,Dexloxiglumide,3.7,6.01,30.7,,0.18,0.98,0.34,,0.024,0.0093,0.021,
[nH]1cncc1[C@@H](C)c2c(C)c(C)ccc2,Dexmedetomidine,11,59.4,,,1.6,3.24,,,0.06,,,
O=C1CN(CC(=O)N1)[C@@H](C)CN2CC(=O)NC(=O)C2,Dexrazoxane,3.1,,11.5,,0.55,,0.72,,1,,0.94,
c1cc(Cl)cc(c12)C(=NCC(=O)N2C)c3ccccc3,Diazepam,0.38,52.2,30.7,,1,11.6,,,0.023,0.1,,
Clc1cccc(Cl)c1Nc2c(CC(=O)O)cccc2,Diclofec,3.5,16.8,1.4,8.5,0.22,1.39,0.19,0.32,0.005,0.0056,0.0102,0.0042
OC[C@@H]1CC[C@@H](O1)n(cn2)c(c23)[nH]cnc3=O,Didanosine,11,150.5,25.3,27.2,0.77,1.3,0.96,1.3,0.95,,1,
Fc(c1)c(F)cc(c12)cc3c(n2)c4n(C3)c(=O)c5c(c4)[C@@](O)(CC)CC(=O)OC5,Diflomotecan,8.42,23,21.5,,1.42,2,2.1,,0.1257,,,
Fc1ccc(c(F)c1)-c2cc(C(=O)O)c(O)cc2,Diflunisal,0.1,1.52,,,0.1,0.15,,,0.0016,0.014,,
O=C1OCC(=C1)[C@H]2CC[C@@](O)([C@@]23C)[C@H]4[C@H](C[C@H]3O)[C@]5(C)[C@H](CC4)C[C@H](CC5)O[C@@H]6O[C@H](C)[C@H]([C@@H](O)C6)O[C@@H]7O[C@H](C)[C@H]([C@@H](O)C7)O[C@@H]8O[C@H](C)[C@@H](O)[C@@H](O)C8,Digoxin,1.7,18.7,1.9965,,4.1,16.9,,,0.7,,,
OCC(O)Cn(cn1)c(c12)c(=O)n(C)c(=O)n2C,Diprophylline,4.8,24.7,,,0.42,1.04,,,,,,
n1ccccc1C(C(=O)N)(CCN(C(C)C)C(C)C)c2ccccc2,Disopyramide,0.9,34,9.87,,0.52,,1.27,,0.16,,,
O=S(=O)(C)Nc1ccc(cc1)CCN(C)CCOc2ccc(cc2)NS(=O)(=O)C,Dofetilide,5.2,66.5,10.2,,3.3,2.28,3.03,,0.36,0.47,0.46,
N12C3CC(C(=O)C1)C[C@H]2CC(C3)OC(=O)c(c[nH]4)c(c45)cccc5,Dolasetron,180,72,27,77,2,26,,,,,0.5,0.5
O[C@H](C)[C@H]1C(=O)N([C@@H]12)C(C([O-])=O)=C([C@@H]2C)S[C@H]3C[C@H]([NH2+]C3)CNS(=O)(=O)N,Doripenem,3.26,35.7,4.7,7.7,0.23,0.27,0.26,0.3,0.92,0.65,0.9,0.94
c1cccc(c12)OC(CO2)C(=O)N3CCN(CC3)c(nc4N)nc(c45)cc(OC)c(c5)OC,Doxazosin,1.6,30,13,,1.3,3,5,,0.017,0.03,0.0653,
O[C@@H]1[C@H](C)O[C@H](C[C@@H]1N)O[C@@H](C[C@@](O)(C2)C(=O)CO)c(c23)c(O)c4c(c3O)C(=O)c5c(C4=O)c(OC)ccc5,Doxorubicin,15,32.4,7.926333333,,22,5.5,31.55,,0.28,,,
C1C[NH2+]CCN1c(c(F)c2)nc(c23)n(CC)cc(c3=O)C([O-])=O,Enoxacin,5.4,42.7,,,2,1.8,,,0.8,0.65,,
[nH]1cnc(c12)n(CCC)c(=O)[nH]c2=O,Enprofylline,4,12,2.4,,0.63,0.27,0.64,,0.55,0.19,0.61,
CCN(CC)C(=O)/C(C#N)=C/c1cc([N+]([O-])=O)c(O)c(O)c1,Entacapone,12,10.8,,,0.27,0.24,,,0.02,,,
O[C@H]1[C@H](C)O[C@H](C[C@@H]1N)O[C@@H](C[C@@](O)(C2)C(=O)CO)c(c23)c(O)c4c(c3O)C(=O)c5c(C4=O)c(OC)ccc5,Epirubicin,20,25.9,,,45,0.17,71.9,,0.25,,0.8078,
CCC#CC[C@H](C)[C@H](O)C#C[C@@H]([C@H](O)C1)[C@H]([C@H]12)CC(\C2)=C\COCCCC(=O)O,Eptaloprost,66.2,170,,63.1,2.4,1.5,,1.6,,,,
CCCCCC/C=C\CCCCCCCCCC(=O)N[C@@H]1[C@@H](OCC[C@H](OC)CCCCCCC)[C@H](OP(=O)(O)O)[C@@H](COC)O[C@H]1OC[C@H]2O[C@H](OP(=O)(O)O)[C@@H]([C@H]([C@@H]2O)OCCCCCCCCCC)NC(=O)CC(=O)CCCCCCCCCCC,Eritoran,0.01,0.25,0.02,,0.05,0.08,0.08,,,,,
O[C@H](C)[C@H]1C(=O)N([C@@H]12)C(C(=O)O)=C([C@@H]2C)S[C@H]3C[C@H](NC3)C(=O)Nc4cc(C(=O)O)ccc4,Ertapenem,0.45,10,,0.47,0.12,0.34,,0.17,0.1,,,
O[C@@H]1[C@@H](N(C)C)C[C@@H](C)O[C@H]1O[C@@H]([C@@]2(O)C)[C@@H](C)[C@H](O[C@@H](C3)O[C@@H](C)[C@H](O)[C@]3(C)OC)[C@@H](C)C(=O)O[C@H](CC)[C@](O)(C)[C@H](O)[C@@H](C)C(=O)[C@@H](C2)C,Erythromycin,5.6,73,19,31.6,0.95,9.3,2.4,8.24,0.1,0.22,0.22,0.5648
CC(C)NCC(O)COc1ccc(cc1)CCC(=O)OC,Esmolol,290,,1500,,1.2,,3.4,,0.59,0.71,0.62,
O[C@H]1CC[C@H]([C@@]12C)[C@H]3[C@H](CC2)c4c(CC3)cc(O)cc4,Estradiol,30,69,,,1.2,5.9,,,0.016,0.053,,
ClCCN(CCCl)C(=O)Oc(cc1)cc(CC2)c1[C@@H](CC3)[C@@H]2[C@@H]([C@]34C)CC[C@@H]4OP(=O)(O)O,Estramustine phosphate,0.94,,2,,0.12,,0.16,,,,,
OC[C@H](CC)NCCN[C@@H](CC)CO,Ethambutol,10,,13,,1.7,,3.8,,0.18,,,
C#C[C@]1(O)CC[C@H]([C@@]12C)[C@H]3[C@H](CC2)c4c(CC3)cc(O)cc4,Ethinylestradiol,7,55,25,36,4.3,5.7,17,7.2,0.014,0.0088,,0.0099
OS(=O)(=O)O[C@@]1(C#C)CC[C@H]([C@@]12C)[C@H]3[C@H](CC2)c4c(CC3)cc(O)cc4,Ethinylestradiol-17-Sulfate,1.3,,,13,0.61,,,8.7,,,,
OS(=O)(=O)Oc(cc1)cc(CC2)c1[C@@H](CC3)[C@@H]2[C@@H]([C@]34C)CC[C@@]4(O)C#C,Ethinylestradiol-3-Sulfate,4.7,,,39,2.3,,,21,0.011,,,
CCOC(=O)c1cncn1C(C)c2ccccc2,Etomidate,13,93,17,,2.7,4.03,1.9,,0.23,0.191,0.2152,
C1O[C@@H](C)O[C@H]([C@@H]12)[C@H](O)[C@@H](O)[C@@H](O2)O[C@H]3[C@@H](COC4=O)[C@H]4[C@@H](c(c35)cc6c(c5)OCO6)c7cc(OC)c(O)c(c7)OC,Etoposide,0.5,23,13,1.5,0.18,0.58,1.4,0.16,0.12,0.43,0.63,0.0051
O=S(=O)(N)N=C(N)CCSCc1nc(sc1)N=C(N)N,Famotidine,6.6,22,8.6,15,1.2,0.8,0.79,2.1,0.84,0.47,0.72,0.13
Clc1cccc(c1Cl)C2C(C(=O)OCC)=C(C)NC(C)=C2C(=O)OC,Felodipine,11,61,33,,4.4,15,5.4,,0.0036,0.005,0.005,
Oc1cc(cc(c1)O)C(O)CNC(C)Cc2ccc(O)cc2,Fenoterol,29,64,,,1.2,1.1,,,0.53,0.95,,
CSc1ccc(cc1)C(=O)c2[nH]c(=O)[nH]c2C,Fenoximone,29,,26,,1.8,,2.1,,0.3,,,
c1ccccc1N(C(=O)CC)C2CCN(CC2)CCc3ccccc3,Fentanyl,4.7,58,54,,0.89,3.8,4.7,,0.16,0.17,0.16,
CC(C)(C)NC(=O)[C@H]1CC[C@H]([C@@]12C)[C@H]3[C@H](CC2)[C@]4(C)[C@@H](CC3)NC(=O)C=C4,Fisteride,2.4,,2.1,,1.1,,0.36,,0.095,,0.18,
FC(F)(F)COc1cc(c(cc1)OCC(F)(F)F)C(=O)NCC2NCCCC2,Flecainide,4.9,34,24,,6.1,6.9,1.1,,0.52,0.41,0.3,
CN1CCN(CC1)c(c(F)c2)c(F)c(c23)n(CCF)cc(c3=O)C(=O)O,Fleroxacin,2.4,5.8,1.6,4,1.6,1.3,1.3,1.2,0.73,0.49,0.51,0.6072
c1ncnn1CC(O)(c(c(F)c2)ccc2F)Cn3ncnc3,Flucozole,0.31,4.2,0.65,,0.75,0.97,0.7,,0.89,0.9,0.89,
Fc1cnc(=O)[nH]c1N,Flucytosine,2,,2.4,,0.68,,0.64,,1,,,
c1cc(F)cc(c12)C(=O)N(C)Cc3n2cnc3C(=O)OCC,Flumazenil,16,147,16,,0.8,1.3,1,,0.58,,0.6848,
Fc1ccccc1C(=NCC(=O)N2C)c(c23)cc([N+]([O-])=O)cc3,Flunitrazepam,1.4,80,78,,1.9,3.8,3.4,,0.17,0.15,0.1723,
c1cccc(S2)c1N(c(c23)cc(C(F)(F)F)cc3)CCCN4CCN(CC4)CCO,Fluphezine,9.7,,15.4,,2.9,,5.5,,0.04,,,
OP(=O)(O)C(=O)O,Foscarnet,2.1,,3.62,,0.5,,0.65,,0.85,,,
OP(=O)(O)[C@H]1O[C@H]1C,Fosfomycin,2,,6.9,,0.32,,0.77,,1,,1,
O=S(=O)(N)c1cc(C(=O)O)c(cc1Cl)NCc2occc2,Furosemide,1.6,7,19.6,3.4,0.12,0.12,0.69,0.1,0.012,0.1,0.12,0.0289
OC(=O)CC1(CN)CCCCC1,Gabapentin,1.7,9.1,2.3,2.3,0.71,1.1,0.16,0.65,0.97,0.02,,0.02
C1=C[C@H](O)C[C@@H]([C@@]123)Oc4c2c(CN(C)CC3)ccc4OC,Galanthamine,5.6,31.7,12.3,,2.3,5.2,2.78,,0.83,0.75,0.9805,
C1N[C@H](C)c(c12)ccc(c2)-c(cc3)c(OC(F)F)c(c34)n(C5CC5)cc(c4=O)C(=O)O,Garenoxacin,1.23,12.1,2.43,3.39,1,0.9,1.29,0.96,0.25,0.13,0.23,0.19
CC1[NH2+]CCN(C1)c(c(F)c2)c(OC)c(c23)n(cc(c3=O)C([O-])=O)C4CC4,Gatifloxacin,2.8,19.3,4.2,10.2,1.7,2.5,2.11,1.85,0.8,0.75,0.84,0.83
Clc(c1)cc(Cl)c(c12)c(c([nH]2)C([O-])=O)/C=C/C(=O)Nc3ccccc3,Gavestinel,0.09,1.2,2.1,4.4,0.12,0.3,0.2,0.32,0.002,0.03,0.1,0.03
FC1(F)[C@H](O)[C@@H](CO)O[C@H]1n2ccc(N)nc2=O,Gemcitabine,32,5,10.76,177,1.5,1,1.41,5.5,1,0.93,0.7655,
OC1(C)C(NC)C(O)C(OC1)OC2C(O)C(C(N)CC2N)OC3OC(C(C)NC)CCC3N,Gentamicin,1,7.8,2.1,,0.33,0.33,0.33,,1,,,
O[C@H]1C(=O)O[C@H]2O[C@]([C@]34[C@@]125)([C@]6(O)[C@H](C3)OC(=O)[C@H]6C)C(=O)O[C@@H]4C[C@H]5C(C)(C)C,Ginkgolide A,2.3,65,,,0.62,4.3,,,,,,
O[C@H]1C(=O)O[C@H]2O[C@]([C@]34[C@@]125)([C@]6(O)[C@H]([C@@H]3O)OC(=O)[C@H]6C)C(=O)O[C@@H]4C[C@H]5C(C)(C)C,Ginkgolide B,2.3,60,,,0.91,3.5,,,,,,
C1CCCCC1NC(=O)NS(=O)(=O)c2ccc(cc2)CCNC(=O)c3ncc(C)nc3,Glipizide,0.56,1,,,0.16,0.3,,,0.02,,,
[C@H]12CCCC(N1C)CC(C2)NC(=O)c(nn3C)c(c34)cccc4,Granisetron,9.1,824,,,3.7,16.7,,,0.35,,,
Clc1ccc(cc1)C2(O)CCN(CC2)CCCC(=O)c3ccc(F)cc3,Haloperidol,7.8,86.2,32.9,7.8,17,10.4,37,3.7,0.08,0.24,,
O=C1N(C)C(=O)NC(=O)C1(C)C2=CCCCC2,Hexobarbital,3.4,40.6,,,1.1,2.5,,,0.53,,,
c1nnc(NN)c(c12)cccc2,Hydralazine,85,139,,,1.5,2.76,,,0.12,,0.29,
[C@@]123[C@@H]4C(=O)CC[C@H]2[C@H](N(C)CC3)Cc5c1c(O4)c(O)cc5,Hydromorphone,28,,71,,4.3,,5.8,,0.86,,,
Clc(c1)ccc(c12)c(ccn2)NC(C)CCCN(CC)CCO,Hydroxychloroquine,11,28.2,,,700,14.6,,,0.57,0.62,,
OC(=O)C(C)c1ccc(cc1)CC(C)C,Ibuprofen,0.82,4.8,0.49,,0.15,0.55,0.16,,0.006,0.055,0.04,
O[C@@H]1[C@H](C)O[C@H](C[C@@H]1N)O[C@@H](C[C@@](O)(C2)C(=O)C)c(c23)c(O)c4c(c3O)C(=O)c5c(C4=O)cccc5,Idarubicin,24,78.5,,,38,36.5,34.5,,0.076,,,
N1CCN=C1C(CO2)Oc(c23)cccc3,Idazoxan,10,71.2,,,3.3,3.1,,,,,,
OC(=O)CCc1ccccc1C[C@@H]([C@@H](O2)CC3)[C@@H]([C@H]23)c4occ(n4)C(=O)NCCCCC,Ifetroban,6.4,87.5,65,19.1,4.4,2.8,11,5.5,,,,
CC#CCC(C)[C@H](O)/C=C/[C@@H]([C@H](O)C1)[C@H]([C@H]12)CC(\C2)=C\CCCC(=O)O,Iloprost,16,32.4,67.2,,0.37,0.79,0.93,,0.4,,,
CN1CCN(CC1)Cc2ccc(cc2)C(=O)Nc3cc(c(C)cc3)Nc4nc(ccn4)-c5cccnc5,Imatinib,3.3,19.9,39,12,3.9,3.1,7.95,5.9,0.05,0.055,0.19,0.112
N/C=N/CCSC(C1)=C(C(=O)O)N([C@H]12)C(=O)[C@@H]2[C@H](O)C,Imipenem,3,14.5,4.3,5.7,0.24,0.24,32,0.28,0.86,1,1,0.975
CN(C)CCCN1c(cccc2)c2CCc(c13)cccc3,Imipramine,13,92.52,,,12,19.9,,,0.075,0.106,0.053,0.03
c1ccncc1CN2CCN([C@@H](C2)C(=O)NC(C)(C)C)C[C@@H](O)C[C@@H](Cc3ccccc3)C(=O)N[C@H]([C@H](O)C4)c(c45)cccc5,Indivir,18,89,15,35.7,0.82,2.2,0.73,1.45,0.36,0.065,0.1183,0.3
C1CCCCC1C[C@@H](NCC(=O)O)C(=O)N2[C@@H](CCCC2)C(=O)NCCCN=C(N)N,Inogatran,6.1,83,9,26,0.26,0.77,0.31,0.53,,0.76,0.76,0.76
I[C@@H]1[C@H](C)O[C@H](C[C@@H]1N)O[C@@H](C[C@@](O)(C2)C(=O)CO)c(c23)c(O)c4c(c3O)C(=O)c5c(C4=O)c(OC)ccc5,Iododoxorubicin,140,36.6,6.5,43.3,53.6,14,2.6,14,,,,
OCC(O)CN(C(=O)C)c1c(I)c(C(=O)NCC(O)CO)c(I)c(c1I)C(=O)NCC(O)CO,Iohexol,2,,4.2,,0.16,,0.18,,1,,,
OCC(O)CNC(=O)c1c(I)c(N(C)C(=O)CO)c(I)c(c1I)C(=O)NCC(O)CO,Iomeprol,1.4,7.4,3.4,,0.23,0.22,0.25,,,,,
OCC(CO)NC(=O)c1c(I)c(C(=O)NC(CO)CO)c(I)c(c1I)NC(=O)[C@@H](O)C,Iopamidol,1.9,,4.8,,0.28,,0.32,,1,,,
OCC(O)CN(C)C(=O)c1c(I)c(C(=O)NCC(O)CO)c(I)c(c1I)NC(=O)COC,Iopromide,1.4,,4.82,,0.22,,0.33,,0.99,,,
CC(C)[N+](C12)(C)C(CC1)CC(C2)OC(=O)C(CO)c3ccccc3,Ipratropium,31.4,90,41.6,,5.1,7.5,9.8,,0.9544,0.73,0.8008,
C1CCCCN1C2CCN(CC2)C(=O)Oc(cc3)cc(c34)c(CC)c5c(n4)c6n(C5)c(=O)c7c(c6)[C@@](O)(CC)C(=O)OC7,Irinotecan,7,55.7,3.9,13.3,3.5,4.3,1.01,2.5,0.51,,0.1754,0.1974
O[C@H]1[C@H](O)[C@@H](O)[C@H](C(=O)O)O[C@@H]1O[C@@H]2[C@@H](O)[C@H](O)[C@@H](C(=O)O)O[C@@H]2O[C@@H](CC3)C(C)(C)[C@@H]([C@]34C)CC[C@]5(C)[C@@H]4C(=O)C=C6[C@@]5(C)CC[C@]7(C)[C@H]6C[C@](C)(CC7)C(=O)O,Isoglycirrhizite,0.05,2.37,,,0.05,0.25,,,,0.05,,
[O-][N+](=O)O[C@@H]1CO[C@@H]([C@@H]12)[C@H](CO2)O[N+]([O-])=O,Isosorbide Dinitrate,31,122,180,58.8,1.9,2.6,3,1.7,0.72,,,
O[C@H]1CO[C@@H]([C@@H]12)[C@@H](CO2)O[N+]([O-])=O,Isosorbide-5-Mononitrate,2,2.5,6.9,,0.7,,0.82,,1,,,
c1ncnn1C[C@@]2(c(c(Cl)c3)ccc3Cl)O[C@H](CO2)COc4ccc(cc4)N5CCN(CC5)c6ccc(cc6)-n7c(=O)n(nc7)C(C)C([2H])([2H])C([2H])([2H])[2H],Itracozole,5.1,9.16,,,7.4,5.07,,,0.002,0.9,,
Clc1ccccc1C2(NC)CCCCC2=O,Ketamine,19,114.7,32.2,,2.9,3.68,2.5,,0.47,0.53,0.47,
Fc1ccc(cc1)C(=O)C2CCN(CC2)CCn(c(=O)[nH]3)c(=O)c(c34)cccc4,Ketanserin,6.7,3.8,24.7,,3.9,0.67,4.7,,0.055,0.01,0.0948,
OC(=O)C(C)c1cc(ccc1)C(=O)c2ccccc2,Ketoprofen,1.6,1.67,,,0.13,1.19,,,0.008,0.05,0.024,0.014
OC(=O)C1CCn(c12)c(cc2)C(=O)c3ccccc3,Ketorolac,0.35,3.6,1.25,,0.11,,0.33,,0.0068,,,
c1cccc(c12)CC[C@@H](NC(=O)CC(N)(C)C)C(=O)N2Cc3ccc(cc3)-c4c(cccc4)-c5n[nH]nn5,L-692429,3.05,2.7,19.3,5.7,0.2,0.15,0.34,0.16,,0.02,0.86,0.06
c1ccccc1C(C[C@H](C)N(C)C)([C@H](CC)OC(=O)C)c2ccccc2,L-Acetylmethadol,5.4,,28,,8.3,,5.9,,0.2,,,
OC(=O)COC1CCN(CC1)C(=O)[C@H](Cc2ccc(O)cc2)NC(=O)c3ccc(cc3)/C(N)=N/[H],Lamifiban,1.9,9.5,7,2.6,0.29,0.24,0.75,0.29,0.94,,,
OC[C@H]1SC[C@H](O1)n2ccc(N)nc2=O,Lamivudine,4.8,72,22,12.6,1.3,,0.87,1.2,0.94,,,
N[C@H](C)Cc1ccccc1,l-Amphetamine,,66,,,,4.3,,,,,,
[C@@]123[C@@H]4[C@@H](O)CC[C@@]2(O)[C@H](N(CC3)CC5CCC5)Cc6c1c(O4)c(O)cc6,lbuphine,22,110.7,,,4.6,11,,,0.5,,,
N#Cc1ccc(cc1)C(n2ncnc2)c3ccc(C#N)cc3,Letrozole,0.57,0.66,,,1.9,2.02,,,0.41,,,
Fc1ccc(cc1)C2(C#N)CCC(CC2)N(C[C@H]3C)CC[C@]3(C(=O)O)c4ccccc4,Levocabastine,0.43,27,,,1.17,1.36,,,0.453,0.46,,
Oc1ccc(cc1O)C[C@H](N)C(=O)O,Levodopa,23,109,23.7,,1.7,,0.76,,0.76,,,
C#C[C@]1(O)CC[C@H]([C@@]12CC)[C@H]3[C@H](CC2)[C@@H]4C(CC3)=CC(=O)CC4,Levonorgestrel,1.8,1.3,,,1.5,0.74,,,0.025,,,
C[C@@H]1CC(=O)NN=C1c2ccc(cc2)NN=C(C#N)C#N,Levosimendan,3.8,,3.37,,0.24,,0.22,,0.02,,,
CCN(CC)CC(=O)Nc1c(C)cccc1C,Lidocaine,16,46.7,37,66,1.8,2.52,2.1,0.98,0.33,0.43,,0.392
CC(C)N1CCC(CC1)N(c2ccc(Cl)cc2)C(=O)Cc3ccccc3,Lorcainide,16,103,,,6.6,15.7,,,0.15,0.26,,
[C@@]123[C@@H]4C(=O)CC[C@@]2(O)[C@H](N(CC3)CC5CC5)Cc6c1c(O4)c(O)cc6,ltrexone,57,,90,54.5,7.6,,11,7.59,0.79,,,
c1cccc(c12)sc(n2)N(C)C3CCN(CC3)C[C@H](O)COc4cc(F)c(F)cc4,Lubeluzole,1.7,25,41.6,,2.6,4.24,1.47,,0.003,0.008,,
FC1(F)CCC(CC1)C(=O)N[C@H](c2ccccc2)CCN([C@@H]34)[C@H](CC3)CC(C4)n5c(C(C)C)nnc5C,Maraviroc,9.4,74,21,,2.3,2.53,2.32,,0.25,0.49,0.36,
Clc1cc(c(cc1)OC)[C@](F)(C(=O)N2)c(c23)ccc(c3)C(F)(F)F,Maxipost,15,43,3.5,,10,6.3,4.06,,0.0038,,0.0067,
CC(C)Oc1ccccc1N2CCN(CC2)Cc3cc(ccc3)C(=O)N4CCCCC4,Mazapertine,6.17,39.2,,,1.54,1.73,,,0.011,0.03,,
c1ccccc1C(=O)c(cc2)cc(c23)[nH]c(n3)NC(=O)OC,Mebendazole,15,9.8,,,1.2,2.6,,,0.086,,,
C1CCCCC1[C@@H](NCC(=O)O)C(=O)N2[C@@H](CC2)C(=O)NCc3ccc(cc3)/C(N)=N/[H],Melagatran,1.9,16.9,7,,0.23,0.39,0.36,,0.93,0.9,0.89,
c1cccc(c12)S(=O)(=O)N(C)C(=C2O)C(=O)Nc3sc(cn3)C,Meloxicam,0.12,0.25,0.17,,0.15,0.26,0.35,,0.003,0.004,0.03,
O[C@@H]1[C@H](C)O[C@H](C[C@@H]1N)O[C@@H]2[C@@H](O)C[C@@H](O[C@H]2C)O[C@@H](C[C@@](O)(C3)C(=O)CO)c(c34)c(O)c5c(c4O)C(=O)c6c(C5=O)cccc6,MEN-10755,2.5,10.8,18.3,,2.4,13.3,12,,,,,
C1CN(C)CCC1(C(=O)OCC)c2ccccc2,Meperidine,4.9,245,43,,2.3,9.2,2.4,,0.42,,,
Oc1cccc(c1)C2(CC)CCCCN(C2)C,Meptazinol,28,58.4,,,3.3,4.4,,,0.73,,,
CN(C)C(=O)[C@H]1[NH2+]C[C@H](C1)SC([C@@H]2C)=C(C([O-])=O)N([C@H]23)C(=O)[C@@H]3[C@H](O)C,Meropenem,3.9,26.4,4,7.5,0.3,0.14,0.22,0.23,0.87,0.5,0.7258,0.6661
COC(C)C(=O)N1CCN(CC1)c(nc2N)nc(c23)cc(OC)c(c3)OC,Metazosin,0.53,44.2,,,0.44,5.9,,,,,,
CN(C)/C(=N\[H])N=C(N)N,Metformin,7.4,16.8,,,0.64,0.54,,,1,,,
c1ccccc1C(C(=O)CC)(CC(C)N(C)C)c2ccccc2,Methadone,1.7,60,41.4,,4.4,8.28,7.6,,0.21,,,
CN[C@@H](C)Cc1ccccc1,Methamphetamine,4.4,126,,,4.3,9,,,0.85,0.92,,
OC(=O)CC[C@@H](C(=O)O)NC(=O)c1ccc(cc1)N(C)Cc(cn2)nc(c23)c(N)nc(n3)N,Methotrexate,2.1,10.5,0.587,,0.43,0.16,0.54,,0.37,0.68,,
c1ccccc1C(C(=O)OC)C2NCCCC2,Methylphenidate,0.55,53,,,2.2,3,,,0.85,,,
OCC(=O)[C@@]1(O)CC[C@H]([C@@]12C)[C@H]3[C@H]([C@@H](O)C2)[C@]4(C)C([C@H](C3)C)=CC(=O)C=C4,Methylprednisolone,6.1,62.1,,,1.2,1.4,,,0.23,,,
Nc1cc(OC)c(cc1Cl)C(=O)NCCN(CC)CC,Metoclopramide,5.7,48,23.1,,3.2,3.3,1.1,,0.6,0.4257,,
CC(C)NCC(O)COc1ccc(cc1)CCOC,Metoprolol,13,87.2,32.8,21.9,3.1,6.3,3.1,14,0.88,0.69,0.7562,0.8245
OCCn1c(C)ncc1[N+]([O-])=O,Metronidazole,0.85,5.8,2.5,,0.4,1.2,0.1,,0.96,0.96,0.9832,
OC(=O)[C@@H](C(S1)(C)C)N([C@H]12)C(=O)[C@H]2NC(=O)[C@@H](c3ccccc3)NC(=O)N4CCN(C4=O)S(=O)(=O)C,Mezlocillin,2.1,50,,,0.09,0.3,,,0.7,0.65,,
Fc(c1)ccc(c12)[C@H](C(C)C)[C@@](CC2)(OC(=O)COC)CCN(C)CCCc(n3)[nH]c(c34)cccc4,Mibefradil,4,94,18.4,,3.1,,9.7,,0.005,,,
OS(=O)(=O)Oc1c(O)ccc(c1)[C@H](O)[C@@H](O)[C@H](NC2=O)C(=O)N[C@@H]([C@H](O)CC(=O)N)C(=O)N(C[C@H](C)[C@@H]3O)[C@@H]3C(=O)N[C@H](O)[C@H](O)C[C@@H](C(=O)N[C@@H]([C@H](O)C)C(=O)N([C@H]24)C[C@@H](C4)O)NC(=O)c5ccc(cc5)-c6noc(c6)-c7ccc(cc7)OCCCCC,Micafungin,0.17,1,0.78,,0.21,0.38,0.25,,0.0023,0.002,0.002,
Fc1ccccc1C2=NCc(cnc3C)n3c(c24)ccc(Cl)c4,Midazolam,5.3,90,35.2,22.3,1.1,2.6,1.1,3,0.017,0.04,0.0223,0.1462
Oc1ccc(O)c(c12)C(=O)c3c(C2=O)c(NCCNCCO)ccc3NCCNCCO,Mitoxantrone,7.9,,10,,12,,26.6,,0.25,,,
COc1c(OC)cc(cc1OC)C[C@H](c(c23)cc(OC)c(c3)OC)[N+](C)(CC2)CCCOC(=O)CC/C=C/CCC(=O)OCCC[N+](C)(CC4)[C@@H](c(c45)cc(OC)c(c5)OC)Cc6cc(OC)c(OC)c(c6)OC,Mivacurium,5.2,9.9,3.47,,0.27,0.65,1,,0.7,,,
[C@@]123[C@@H]4[C@@H](O)C=C[C@H]2[C@H](N(C)CC3)Cc5c1c(O4)c(O)cc5,Morphine,26,57.9,61.1,45.4,2.3,14.9,4.1,2.6,0.65,0.86,0.88,0.81
Cn1nnnc1SCC(CO2)=C(C(=O)O)N([C@H]23)C(=O)[C@@]3(OC)NC(=O)C(C(=O)O)c4ccc(O)cc4,Moxalactam,0.72,9.1,2.2,2.3,0.17,0.25,0.2,0.19,0.39,1,0.66,1
N1CCC[C@H]([C@H]12)CN(C2)c(c(F)c3)c(OC)c(c34)n(C5CC5)cc(c4=O)C(=O)O,Moxifloxacin,2.4,42.5,3.7,11.5,1.4,3.6,2.7,4.9,0.6,0.63,0.71,0.62
Clc1nc(C)nc(OC)c1NC2=NCCN2,Moxonidine,11,50.1,,,1.8,3.2,,,0.93,,,
c1cc(F)cc(c12)CCC(O2)C(O)CNCC(O)C(O3)CCc(c34)cc(F)cc4,Nebivolol,14,49,,,11,6.2,,,0.02,0.015,,
Clc1cccc(c1)N2CCN(CC2)CCCn3nc(CC)n(c3=O)CCOc4ccccc4,Nefazodone,7.5,,26,,0.51,,3.24,,0.01,,,
O[C@@H]1[C@@H](CO)O[C@H]([C@H]1O)n(cn2)c(c23)nc(N)nc3OC,Nelarabine,81,,,42,4.9,,,1.3,0.8,,,
O[C@]1(C)[C@H](NC)[C@@H](O)[C@H](OC1)O[C@H]2[C@H](NCC)C[C@H](N)[C@H]([C@@H]2O)OC3OC(CN)=CCC3N,Netilmicin,0.55,,3.4,,0.07,,0.34,,1,,,
[O-][N+](=O)c1cccc(c1)C2C(=C(C)NC(C)=C2C(=O)OC)C(=O)OCCN(C)Cc3ccccc3,Nicardipine,11,163,37,27,1,1.9,2.39,1.23,0.01,0.084,0.062,0.06
CN1CCC[C@H]1c2cccnc2,Nicotine,18,46.3,42,,2.6,2.77,3.3,,0.95,,,
COC(=O)C1=C(C)NC(C)=C(C(=O)OC)C1c2c([N+]([O-])=O)cccc2,Nifedipine,7.3,5.9,12.3,,0.79,0.27,1.15,,0.044,0.035,,
[O-][N+](=O)c1cccc(c1)C2C(C(=O)OC(C)C)=C(C)NC(C)=C2C(=O)OCCOC,Nimodipine,15,19.6,18,33,1.1,5.5,3,3.62,0.016,0.03,0.03,0.095
COC(=O)C1=C(C)NC(C)=C(C(=O)OCC(C)C)C1c2c([N+]([O-])=O)cccc2,Nisoldipine,15,45.8,37.2,,5.5,0.89,4.1,,0.003,0.009,0.028,
[O-][N+](=O)c1ccc(o1)/C=N/N2CC(=O)NC2=O,Nitrofurantoin,9.7,22.7,,,0.57,0.34,,,0.17,0.48,,
C[NH+]1CCN(CC1)c2c(F)cc3c(=O)c(C([O-])=O)cn(c3c24)C(CO4)C,Ofloxacin,2.5,13.2,23.2,,1.6,1.42,1.3,,0.75,0.64,0.51,0.71
OC1C(N(C)C)CC(C)OC1OC(C(C)CC23OC2)C(C)C(OC4OC(C)C(O)C(C4)OC)C(C)C(=O)OC(C)C(C)C(O)C(C3=O)C,Oleandomycin,9.1,51,12,,0.77,6.8,1.6,,0.3963,0.46,0.1297,
COc(cc1)cc(c12)[nH]c(n2)S(=O)Cc3ncc(C)c(OC)c3C,Omeprazole,8.4,53,,,0.24,0.44,,,0.05,0.19,,
CCC(CC)O[C@@H]1C=C(C([O-])=O)C[C@H]([NH3+])[C@H]1NC(=O)C,Oseltamivir acid,4.8,25,5.3,,0.37,1.3,0.56,,0.97,,0.3039,
c1cc(Cl)cc(c12)C(=NC(O)C(=O)N2)c3ccccc3,Oxazepam,1.1,24.1,33,,0.59,2,,,0.04,0.09,,
[C@@]123[C@@H]4C(=O)CC[C@@]2(O)[C@H](N(C)CC3)Cc5c1c(O4)c(OC)cc5,Oxycodone,6.1,82,,,2.5,2.8,,,0.55,0.87,,
OC1=C(C(=O)N)C(=O)[C@@H](N(C)C)[C@@H]([C@@]12O)[C@@H](O)[C@H]3C(C2=O)=C(O)c4c([C@]3(O)C)cccc4O,Oxytetracycline,2,,1.47,,1.7,,1.01,,0.9,,,
c1ccccc1C(=O)O[C@H]([C@@]23O)[C@H]4[C@@](C)([C@@H](O)C[C@@H]5[C@]4(CO5)OC(=O)C)C(=O)[C@H](OC(=O)C)C(C2(C)C)=C(C)[C@H](C3)OC(=O)[C@H](O)[C@H](c6ccccc6)NC(=O)c7ccccc7,Paclitaxel,6.4,10.7,,6.2,3,3.1,,1.34,0.12,0.037,,0.0395
OP(=O)(O)C(O)(P([O-])(=O)O)CC[NH3+],Pamidronic acid,2.5,15.2,,,1.8,0.18,,,,,,
N/C(C)=[N+]1/C[C@H](CC1)SC(C2)=C(C([O-])=O)N([C@H]23)C(=O)[C@@H]3[C@H](O)C,Panipenem,2.6,27.7,4.85,6.52,0.19,0.2,0.21,0.3,,0.95,0.95,0.93
COc1c(OC)ccnc1CS(=O)c(n2)[nH]c(c23)cc(cc3)OC(F)F,Pantoprazole,2.2,8.5,,,0.17,0.35,,,0.02,,,
COc(c1)c(OC)cc(c12)c(ncc2)Cc3cc(OC)c(OC)cc3,Papaverine,11,,21.8,,0.95,,3.01,,0.073,0.09,0.1,
CN1CCN(CC1)c(c(F)c2)cc(c23)n(CC)cc(c3=O)C(=O)O,Pefloxacin,2,28.47,7.89,11.03,1.5,2.79,1.07,0.65,0.75,0.28,0.19,0.21
[H]/N=C(\N)c1ccc(cc1)OCCCCCOc2ccc(cc2)/C(N)=N/[H],Pentamidine,74,111.5,60.6,,53,10.1,6.6,,0.2386,0.4,0.2659,
Oc(c1)ccc(c1[C@@]23C)C[C@H]([C@@H]2C)N(CC3)CC=C(C)C,Pentazocine,23,,,56.6,3.4,,,9.62,0.39,,,
CCCC(C)C1(CC)C(=O)NC(=O)NC1=O,Pentobarbital,0.47,8.4,1.3,,0.91,1.64,1.06,,0.39,0.5,,
O=C(C)CCCCn(c(=O)n1C)c(=O)c(c12)n(cn2)C,Pentoxifylline,39,7.28,37,,1.8,0.1,1.01,,0.5109,0.76,0.4246,
CCOc1ccc(cc1)NC(=O)C,Phecetin,21,,15.7,,1.4,,0.89,,0.47,,,
C1CCCCN1C2(CCCCC2)c3ccccc3,Phencyclidine,5.1,66.3,54.1,36.6,6.9,12.6,16.6,6.78,0.35,0.37,0.43,0.3143
O=C1NC(=O)NC(=O)C1(CC)c2ccccc2,Phenobarbital,0.06,0.8,0.1,,0.54,1.02,0.79,,0.49,0.64,0.54,
O=C1CC(C)C(=NN1)c(cc2)cc(c23)[nH]c(n3)-c4ccc(OC)cc4,Pimobendan,14,163,,,2.04,3.5,,,0.024,,,
CC(C)NCC(O)COc(ccc1)c(c12)cc[nH]2,Pindolol,7.7,48.3,89.2,,1.2,1.36,17,,0.58,0.57,0.5561,
OC(=O)[C@@H](C(S1)(C)C)N([C@H]12)C(=O)[C@H]2NC(=O)[C@@H](c3ccccc3)NC(=O)N4CCN(C(=O)C4=O)CC,Piperacillin,4,17.7,6.6,7.2,0.27,0.39,0.24,0.26,0.5,0.61,0.84,0.95
c1ccccc1C(O)(c2ncccc2)CCCN3[C@H](C)CCC[C@@H]3C,Pirmenol,1.8,62,8.3,4.92,1.4,2.6,2.1,0.87,0.13,0.49,0.4916,0.4199
CC[C@H](C)C(=O)O[C@@H](C[C@H](O)C=1)[C@@H](C12)[C@H]([C@@H](C)C=C2)CC[C@@H](O)C[C@@H](O)CC(=O)O,Pravastatin,14,36,,,0.46,0.19,,,0.5,0.33,,
o1cccc1C(=O)N2CCN(CC2)c(nc3N)nc(c34)cc(OC)c(c4)OC,Prazosin,4.7,68.8,14.1,,0.73,5.11,2.17,,0.06,0.19,0.2416,
OCC(=O)[C@@]1(O)CC[C@H]([C@@]12C)[C@H]3[C@H]([C@@H](O)C2)[C@]4(C)C(CC3)=CC(=O)C=C4,Prednisolone,2.9,98.7,,,0.86,1.74,,,0.25,0.32,,
OCC(=O)[C@@]1(O)CC[C@H]([C@@]12C)[C@H]3[C@H](C(=O)C2)[C@]4(C)C(CC3)=CC(=O)C=C4,Prednisone,2.5,154.7,24.9,9.8,0.57,1.3,2.3,1.7,0.27,0.41,0.5,0.2612
CCCN(CCC)S(=O)(=O)c1ccc(cc1)C(=O)O,Probenecid,0.25,,0.34,,0.13,,0.46,,0.13,,0.15,
Nc1ccc(cc1)C(=O)NCCN(CC)CC,Procaimide,10,120,8.7,,2.2,4.86,1.95,,0.84,0.72,1,
CCCNCC(O)COc1ccccc1C(=O)CCc2ccccc2,Propafenone,16,28.1,27.9,,2.2,1.4,2.72,,0.038,0.09,0.09,
CC(C)c1c(O)c(C(C)C)ccc1,Propofol,36,107.3,39.8,,4.7,1.37,2.46,,0.016,0.03,0.02,
CC(C)NCC(O)COc(ccc1)c(c12)cccc2,Propranolol,12,94.3,51.8,20.8,3.1,4.58,6.79,2.28,0.13,0.1,0.04,0.03
c1cccc(c12)cc(cc2)S(=O)(=O)N[C@H](C(=O)N(C3CC3)CC(=O)O)CC(=O)NC[C@@H]4CCCN(C4)/C(N)=N/[H],psagatran,6.4,65.4,26.1,19.2,0.36,0.6,0.64,0.32,,0.33,0.52,
Oc(c1)cc(O)c(c12)c(=O)c(O)c(o2)-c3cc(O)c(O)cc3,Quercetin,11,115.9,,,0.12,0.28,,,0.009,0.02,,
C=C[C@H]([C@@H]12)CN(CC1)[C@H](C2)[C@@H](O)c(ccn3)c(c34)cc(cc4)OC,Quinidine,4,18.63,3.58,22.4,2.9,5.28,4.26,1.51,0.26,0.32,0.12,0.2027
C=CC([C@@H]12)CN(CC1)C(C2)C(O)c(ccn3)c(c34)cc(cc4)OC,Quinine,1.9,87.92,8.11,,1.8,6.12,3.74,,0.3,0.36,0.0096,
c1cccc(c12)[nH]c(n2)S(=O)Cc3nccc(c3C)OCCCOC,Rabeprazole,4,82.4,86,,0.22,1.04,2.62,,0.037,0.073,0.0864,
CN(C)Cc1oc(cc1)CSCCN/C(NC)=C/[N+]([O-])=O,Ranitidine,9.6,31.9,11.6,,1.2,2.87,1.65,,0.95,1,0.8546,
c1cc(O)c(O)c(c12)c3c4c(ccc3)CCN(C)[C@@H]4C2,R-Apomorphine,40,196,,,1.6,2.7,,,0.057,0.1,,
CC(C)NCCCNC(=O)Nc1c(C)cccc1C,Recaim,4.5,82,13,26.7,1.4,3.2,1.2,3,0.86,0.88,0.7,0.69
c1ccccc1N(C(=O)CC)C2(C(=O)OC)CCN(CC2)CCC(=O)OC,Remifentanil,37,,63.1,,0.4,,0.22,,0.3,,,
c1ccccc1C[C@H](CS(=O)(=O)C(C)(C)C)C(=O)N[C@@H](Cc2[nH]cnc2)C(=O)N[C@H]([C@@H](O)[C@@H](O)C3CC3)CC4CCCCC4,Remikiren,11.6,119,24.7,20,0.77,4.4,1.52,1.7,0.0558,0.053,0.0802,0.1665
COc1ccc(Br)c(OC)c1C(=O)NC[C@H]2N(CC)CCC2,Remoxipride,1.7,170,4.9,,0.65,4.5,1.6,,0.16,0.74,0.12,
c1cccc(c12)S(=O)(=O)N(C2=O)CCCCNC[C@H](O3)CCc(c34)cccc4,Repinotan,2.2,38.3,,,0.21,1.48,,,,0.054,,
OC[C@H]1O[C@H]([C@H](O)[C@@H]1O)n2nc(nc2)C(=O)N,Ribavirin,5.2,43,,3.7,14,11.4,,29.4,1,0.95,,0.4973
FC(F)(F)c1cccc(c1)/C(c2cccnc2)=N\OCCCCC(=O)O,Ridogrel,1.05,2,,,0.43,0.78,,,0.033,0.05,,
Fc(c1)ccc(c12)c(no2)C3CCN(CC3)CCc(c(n4)C)c(=O)n(c45)CCCC5,Risperidone,5.4,71.7,,,1.1,3.6,,,0.1,0.118,0.083,0.084
s1ccn(c12)c(=O)c(c(n2)C)CCN3CCC(CC3)=C(c4ccc(F)cc4)c5ccc(F)cc5,Ritanserin,0.51,26.7,,,1.41,8,,,0.008,0.015,,
O[C@H](C)[C@H]1C(=O)N([C@@H]12)C(C(=O)O)=C(S2)COC(=O)N,Ritipenem,7.55,15.5,7.4,4.65,0.24,0.05,0.22,0.14,0.72,0.5,0.95,0.56
CN(C)CCc(c[nH]1)c(c12)cc(cc2)Cn3ncnc3,Rizatriptan,16,79,40,,1.9,,2.5,,0.86,,,
Nc1scc(n1)/C(=N/O)C(=O)N[C@@H]2C(=O)N([C@@H]23)C(C(=O)O)=C(CS3)/C=C4/C(=O)N(CC4)CC(F)(F)F,Ro25-6833,0.38,0.95,2.7,0.77,0.11,0.15,0.18,0.12,0.043,0.025,0.16,0.05
[C@H]12CSSCC/C=C\[C@H](CC(=O)NC(C(=O)N1)C(C)C)OC(=O)C(C(C)C)NC(=O)C(\NC2=O)=C\C,Romidepsin,7.4,625,,27.9,1.2,63.8,,4.95,,,,
CCCN1CCCC[C@H]1C(=O)Nc2c(C)cccc2C,Ropivacaine,5.5,,30,,0.75,,1.42,,0.06,,,
c1cccc(c12)n(C)c(=O)c(c2O)C(=O)N(C)c3ccccc3,Roquinimex,0.08,0.17,,,0.21,0.32,,,,,,
O=C1NC(=O)SC1Cc2ccc(cc2)OCCN(C)c3ncccc3,Rosiglitazone,0.65,1.3,,,0.2,0.2,,,0.002,,,
c1cccc(c12)sc(n2)N(C)C3CCN(CC3)CC(O)COc4ccc(F)cc4,Sabeluzole,4.05,35.9,,,5.5,5.8,,,0.014,0.016,,
C1CCC[C@H]([C@H]12)C[C@@H](C(=O)NC(C)(C)C)N(C2)C[C@@H](O)[C@H](Cc3ccccc3)NC(=O)[C@H](CC(=O)N)NC(=O)c(cc4)nc(c45)cccc5,Saquivir,13,80,,,3.6,3,,,0.028,0.007,,
ClCCN(N=O)C(=O)NC(C)C(=O)N,SarCNU,9,,17.6,,0.76,,0.81,,,,,
O[C@H](C)[C@H]1C(=O)N([C@@H]12)C(C(=O)O)=C(S2)SCCOC(=O)N,Sch34343,7.5,22.8,8.9,6.7,0.3,0.14,0.24,0.21,0.35,,,
C#CCN(C)[C@H](C)Cc1ccccc1,Selegiline,20,,160,,1.9,,9.46,,0.13,0.31,,
O=S(=O)(C)Nc1ccc(cc1)C(=O)NCCN(CC)CC,Sematilide,3.7,25.6,9,,0.82,2.08,1.4,,0.96,0.91,0.95,
c1cccc(c12)/C(C(=O)N2)=C/c3[nH]c(C)cc3C,Semaxanib,14,45,52,27.7,0.98,1.6,1.4,1.63,0.008,0.007,,
CN1CCN(CC1)S(=O)(=O)c2cc(c(cc2)OCC)-c(nc3=O)[nH]c(c34)c(nn4C)CCC,Sildefil,9.1,48,12,,1.4,1.1,5.2,,0.04,0.05,0.14,
c1cccc(c12)C(=O)N(CO2)CCO[N+]([O-])=O,Sinitrodil,29.59,84.9,63.7,26.3,0.68,1.99,1.18,0.98,,,,
FC(F)(F)c(nn1)n(c12)CCN(C2)C(=O)C[C@H](N)Cc3c(F)cc(F)c(F)c3,Sitagliptin,6,45,9.1,,2.8,8.1,3.3,,0.62,0.68,0.5561,
O=S(=O)(C)Nc1ccc(cc1)C(O)CNC(C)C,Sotalol,2,,14.7,,1.3,,,,0.62,,,
C[C@@H]1CN(C[C@@H](N1)C)c(c(F)c2N)c(F)c(c23)n(C4CC4)cc(c3=O)C(=O)O,Sparfloxacin,2.7,19.6,,,3.9,3.5,,,0.55,0.5,,
OP(=O)(O)CC(=O)N[C@H](C(=O)O)CC(=O)O,Sparfosic Acid,1.22,17.4,4.1,2.3,0.33,1.1,0.29,0.2,,,,
OC[C@@H]1C=C[C@@H](O1)n2cc(C)c(=O)[nH]c2=O,Stavudine,8.2,20.2,,9.4,0.67,1.09,,0.8,1,0.9,0.9,0.9
C1C(=O)N([C@@H]12)[C@@H](C(=O)O)C(C)(C)S2(=O)=O,Sulbactam,5.1,,3.56,,0.32,,0.34,,0.62,,,
Nc1ccc(cc1)S(=O)(=O)Nc2ncccn2,Sulfadiazine,0.55,1.1,,0.64,0.29,0.34,,0.5,0.44,0.86,0.78,0.4629
c1ccccc1S(=O)CCC2C(=O)N(c3ccccc3)N(C2=O)c4ccccc4,Sulfinpyrazone,0.34,0.46,0.84,0.45,0.12,0.43,0.21,0.12,0.017,0.0031,0.0386,0.0185
Nc1ccc(cc1)S(=O)(=O)Nc2onc(C)c2C,Sulfisoxazole,0.3,0.65,1.38,,0.17,0.25,0.86,,0.079,0.056,0.6,
CNS(=O)(=O)Cc(cc1)cc(c12)c(c[nH]2)CCN(C)C,Sumatriptan,19,28,13.9,,1.7,1.15,1.74,,0.83,0.85,0.86,
[O-]S(=O)(=[OH+])c(c1)cc(S(=O)(=[OH+])O)c(c12)c(ccc2S([O-])(=O)=O)NC(=O)c3cc(c(C)cc3)NC(=O)c4cc(ccc4)NC(=O)Nc5cccc(c5)C(=O)Nc6c(C)ccc(c6)C(=O)Nc(ccc7S([O-])(=O)=O)c(c78)c(S(=O)(=[OH+])O)cc(c8)S([O-])(=O)=[OH+],Suramin,0.01,0.04,,,0.54,0.75,,,0.003,0.001,,
Cc1cccnc1NS(=O)(=O)c2ccc(cc2)C#Cc3cc(C(=O)O)c(O)cc3,Susalimod,0.07,62,20,1.9,0.1,1.2,0.19,0.08,0.0019,0.0033,0.01,0.003
O[C@]12[C@H](C)C[C@H](OC)[C@H](O1)[C@@H](OC)C[C@@H](C)C/C(C)=C/[C@@H](CC=C)C(=O)C[C@H](O)[C@@H](C)[C@H](OC(=O)[C@H]3N(C(=O)C2=O)CCCC3)/C(C)=C/[C@H]4C[C@@H](OC)[C@H](O)CC4,Tacrolimus,0.7,31.6,232,4.4,1.2,8.95,,3.93,0.01,,0.0066,0.0042
C1CCCCC1NC(=O)Nc2ccc(cc2)OCC(O)CNC(C)(C)C,Talinolol,4.9,47.5,,,3.3,4.5,,,0.39,,,
COc1ccc(cc1S(=O)(=O)N)C[C@@H](C)NCCOc2c(OCC)cccc2,Tamsulosin,0.62,82.2,19.3,,0.21,3.25,1.74,,0.01,0.24,0.1,
CC(C)(C)c1c(O)c(C(C)(C)C)cc(c1)C(=O)CCCC#C,Tebufelone,8.9,41.35,30.9,14.9,12,7.9,24.8,10.4,0.0007,,,
O[C@H]1[C@H](O)[C@@H](CO)O[C@@H]([C@H]1O)Oc(cc(O)c2)c(c23)c4c(O)ccc(c4)[C@@H]5C(=O)N[C@H](C(=O)N[C@H]3C(=O)O)[C@H](O[C@@H]6O[C@H](CO)[C@@H](O)[C@H](O)[C@H]6NC(=O)C)c7cc(Cl)c(cc7)Oc8cc9[C@H](C(=O)N5)NC(=O)[C@@H]1c2cc(cc(c2)O)Oc2cc(ccc2O)[C@H](N)C(=O)N[C@@H](C(=O)N1)Cc1cc(Cl)c(cc1)Oc(c9)c8O[C@@H]1O[C@H](CO)[C@@H](O)[C@H](O)[C@H]1NC(=O)CC/C=C\CCCCC,Teicoplanin A2-1,0.2,0.53,0.1,,1.5,1.56,0.26,,0.11,0.023,,
O=P(O)(O)CNCc(c1O)c(O)cc([C@H](NC2=O)C(=O)O)c1c(c3)c(O)ccc3[C@H](C(=O)N[C@H]2[C@H](O)c(ccc45)cc5Cl)NC(=O)[C@H]6c7cc(O4)c(c(c7)Oc8c(Cl)cc(cc8)[C@@H](O)[C@H](C(=O)N[C@H](C(=O)N6)CC(=O)N)NC(=O)[C@H](NC)CC(C)C)O[C@@H]9O[C@H](CO)[C@@H](O)[C@H](O)[C@H]9O[C@H](O[C@@H](C)[C@H]1O)C[C@]1(C)NCCNCCCCCCCCCC,Telavancin,0.2,0.85,1.1,0.95,0.11,0.1,0.14,0.17,0.07,,,0.1337
c1ccncc1-c2ncn(c2)CCCCN(C(O3)=O)[C@@H]([C@]34C)[C@@H](C)C(=O)[C@H](C)C[C@](C)(OC)[C@H](O[C@@H]5O[C@H](C)C[C@H](N(C)C)[C@H]5O)[C@@H](C)C(=O)[C@@H](C)C(=O)O[C@@H]4CC,Telithromycin,14,71,,,3,3.3,,,0.41,0.28,,
n1nn(C)c(=O)n(c12)cnc2C(=O)N,Temozolomide,3.6,9.8,,,0.5,0.92,,,,,,
OP(=O)(O)CO[C@H](C)Cn(cn1)c(c12)ncnc2N,Tenofovir,3.1,,5.9,16.2,0.83,,0.9,,0.93,,,
s1ccc(c12)S(=O)(=O)N(C)C(=C2O)C(=O)Nc3ncccc3,Tenoxicam,0.03,0.47,,,0.19,0.22,,,0.0085,0.03,,
O1CCCC1C(=O)N2CCN(CC2)c(nc3N)nc(c34)cc(OC)c(c4)OC,Terazosin,1.1,24.7,,,0.98,2,,,0.08,,,
CC(C)(C)NCC(O)c1cc(O)cc(O)c1,Terbutaline,3.4,60,,,1.5,3.3,,,0.75,,,
c1ccccc1C(CC(C)NC(C)(C)C)c2ccccc2,Terodiline,1.1,,41,,5.1,,,,0.08,,0.14,
OC1=C(C(=O)N)C(=O)[C@@H](N(C)C)[C@@H]([C@@]12O)C[C@H]3C(C2=O)=C(O)c4c([C@]3(O)C)cccc4O,Tetracycline,1.5,18.7,,,1.2,2.2,,,0.78,,,
CC(C)c1ccc(nc1)S(=O)(=O)Nc2nc(-c3cc(ncc3)-c4n[nH]nn4)nc(OCCO)c2Oc5c(OC)cccc5,Tezosentan,8.1,4.3,,15.6,0.28,0.27,,0.21,0.0085,,,
[nH]1cnc(c12)n(C)c(=O)n(C)c2=O,Theophylline,0.86,2.25,1.8,3.8,0.51,0.55,0.68,0.69,0.61,0.37,0.8635,0.684
Cc1ccsc1C(c2sccc2C)=CCC[NH+]3C[C@H](C([O-])=O)CCC3,Tiagabine,1.6,89,,,1.1,2.05,,,0.04,,,
O=C(N)c1nc(sc1)[C@H]2[C@H](O)[C@H](O)[C@H](O2)CO,Tiazofurin,2.4,6.9,#REF!,7.3,1.1,,0.99,2,0.4709,,0.85,1
OC(=O)[C@@H](C(S1)(C)C)N([C@H]12)C(=O)[C@H]2NC(=O)[C@H](C(=O)O)c3ccsc3,Ticarcillin,1.8,,4.3,,0.16,,0.28,,0.55,,,
CCS(=O)(=O)CCn1c(C)ncc1[N+]([O-])=O,Tinidazole,0.6,,1.67,,0.59,,0.89,,0.8,,,
CCCCS(=O)(=O)N[C@H](C([O-])=O)Cc1ccc(cc1)OCCCCC2CC[NH2+]CC2,Tirofiban,4.3,,36.44,,0.99,1.42,0.52,,0.36,0.15,0.55,
O[C@@H]1[C@@H](N)[C@H](O)[C@@H](CO)O[C@@H]1O[C@@H]2[C@@H](O)[C@@H]([C@@H](N)C[C@H]2N)O[C@H]3O[C@H](CN)[C@@H](O)C[C@H]3N,Tobramycin,1.6,15.7,,,0.23,0.68,,,1,,,
NC(C)C(=O)Nc1c(C)cccc1C,Tocainide,2.2,37.8,,,1.8,5,,,0.87,,,
Cc1ccc(cc1)S(=O)(=O)NC(=O)NCCCC,Tolbutamide,0.21,0.42,,,0.12,0.13,,,0.05,0.04,,
Cc1ccc(cc1)C(=O)c2cc([N+]([O-])=O)c(O)c(O)c2,Tolcapone,1.9,8.8,1.9,,0.12,0.21,0.16,,0.0012,,,
O[C@H](C)[C@H]1C(=O)N([C@@H]12)C(C(=O)O)=C([C@@H]2C)S[C@@H]3CN(C)[C@@H](C3)C(=O)N4C[C@H](CC4)NC(=O)CN=C(N)N,Tomopenem,1.9,15.7,3.96,1.7,0.23,0.2,0.25,0.18,0.91,0.95,0.928,0.85
C1OC(=O)[C@](O)(CC)c(c12)cc3n(c2=O)Cc4c3nc5c(c4)c(c(O)cc5)CN(C)C,Topotecan,13,34.4,17.6,96.1,1.8,3.08,1.7,7.38,0.65,0.747,,0.8
CC(C)NC(=O)NS(=O)(=O)c1c(ccnc1)Nc2cc(C)ccc2,Torsemide,0.53,3.74,0.14,,0.21,0.23,0.08,,0.01,0.06,0.02,
c1ccc(OC)cc1[C@@]2(O)CCCC[C@@H]2CN(C)C,Tramadol,6.5,63.5,54.63,,2.8,3.86,3.01,,0.8,0.75,0.7454,
Clc1cccc(c1)N2CCN(CC2)CCCn(n3)c(=O)n(c34)cccc4,Trazodone,1.4,51.8,,,0.52,1.76,,,,0.12,,
CCCCC[C@H](O)CC[C@@H]([C@H](O)C1)[C@H]([C@H]12)Cc3c(C2)c(ccc3)OCC(=O)O,Treprostinil,10.7,,35.8,,0.23,,0.11,,,,,
c1ccccc1-c(c(n2)N)nc(c23)c(N)nc(n3)N,Triamterene,63,10.1,,,13,2.2,,,0.42,,,
Clc1ccccc1C2=NCc(nnc3C)n3c(c24)ccc(Cl)c4,Triazolam,3,60.8,,,0.58,3.4,,,0.1,,,
COc1c(OC)cc(cc1OC)Cc2c(N)nc(N)nc2,Trimethoprim,2.1,40,6.4,,1.5,2.1,1.74,,0.5,0.51,0.708,
COc1c(OC)cc(cc1OC)NCc(cc2)c(C)c(c23)c(N)nc(n3)N,Trimetrexate,0.77,71.1,33.2,8.5,0.77,9.2,11.7,1.56,0.05,,1,0.1
O[C@H]1[C@H](NC)[C@H](O)[C@H](NC)[C@@H](O2)[C@@H]1O[C@@H]([C@@]23O)O[C@@H](CC3=O)CCCC,Trospectomycin,1.7,4.28,2.69,,0.7,4.46,49.8,,0.649,0.62,0.5327,
[NH3+]C1[C@@H]([C@@H]12)CN(C2)c(c(F)c3)nc(c34)n(cc(c4=O)C([O-])=O)-c5c(F)cc(F)cc5,Trovafloxacin,1.4,13.5,9.13,5.93,1.3,0.75,1.37,1.93,0.24,0.07,0.25,0.34
OC[C@H]1OC[C@H](O1)n2ccc(N)nc2=O,Troxacitabine,2.4,23,,,1,1.42,,,,,,
C1C[N+](C)(C)[C@@H]2Cc(ccc3O)cc3Oc(c4)c(OC)cc(CCN5C)c4[C@@H]5Cc(cc6)ccc6Oc(c2c17)c(O)c(c7)OC,Tubocurarine,3.4,,3.73,,0.45,,0.37,,0.58,,,
c1cccc(c12)O[C@H](C)CN[C@@H](C3CC3)C(=O)N(C)[C@H](C)C(=O)N[C@@H](C(=O)NCCC2)Cc4ccc(F)cc4,TZP-101,0.1,4.04,,8.8,0.1,0.45,,0.23,,0.13,0.15,0.17
OCCN(S(=O)(=O)C)c(c(Cl)c(Cl)c1)c(c12)[nH]c(=O)c(=O)[nH]2,"UK-240,455",6,12,13,,0.8,0.4,0.8,,0.13,0.03,0.15,
OC(=O)CCCCCCCCCCCCCCCCCCC,Valproic Acd,0.16,4.2,3.03,4.2,0.14,0.66,0.33,0.25,0.084,0.366,0.215,0.22
CC(C)C[C@@H]1N(C)C(=O)[C@H](CC(C)C)N(C)C(=O)[C@@H](C)NC(=O)[C@H](C)NC(=O)[C@H](CC(C)C)N(C)C(=O)[C@H](C(C)C)NC(=O)[C@H](CC(C)C)N(C)C(=O)CN(C)C(=O)[C@H](C(C)C)NC(=O)[C@@H](N(C)C(=O)[C@@H](N(C1=O)C)C(C)C)C(=O)[C@H](C)C/C=C/C,Valspodar,2.6,5.5,,,1.8,3.9,,,0.022,,,
N[C@]1(C)[C@H](O)[C@H](C)O[C@H](C1)O[C@@H]2[C@@H](O)[C@H](O)[C@@H](CO)O[C@H]2Oc(c34)c5cc(c3)[C@@H](NC(=O)[C@H](CC(=O)N)NC(=O)[C@H](NC(=O)[C@H](NC)CC(C)C)[C@H](O)c6cc(Cl)c(O4)cc6)C(=O)N[C@@H]7c8cc(c(O)cc8)c9c(cc(O)cc9O)[C@@H](C(=O)O)NC(=O)[C@@H](NC7=O)[C@H](O)c1cc(Cl)c(O5)cc1,Vancomycin,1.3,15,,,0.54,0.8,,,0.7,,,
C1CCCCC1(O)C(CN(C)C)c2ccc(OC)cc2,Venlafaxine,14,64.5,13.5,41,4.4,6.6,3.3,3.5,0.73,0.59,0.5932,0.708
COc1ccc(cc1OC)C(C#N)(C(C)C)CCCN(C)CCc2cc(OC)c(OC)cc2,Verapamil,18,33.5,26.8,22.8,3.7,2.15,3.8,5.35,0.093,0.1045,0.2265,0.341
OC12CC3CC(C2)(CC(C3)C1)NCC(=O)N4[C@H](C#N)CCC4,Vildagliptin,9.9,48.3,21.7,25,1.03,8.6,1.6,0.7,0.8851,0.92,0.97,0.9597
[C@@]123[C@H]4N(CC1)CC=C[C@@]4(CC)[C@@H](OC(=O)C)[C@](O)(C(=O)OC)[C@@H]2N(C)c5c3cc(c(c5)OC)[C@](C[C@@H]67)(C(=O)OC)c8c(c9c([nH]8)cccc9)CCN(C6)C[C@](C7)(O)CC,Vinblastine,3.1,25,22,7,28,,2.3,2.1,0.14,,,
[C@@]123[C@H]4N(CC1)CC=C[C@@]4(CC)[C@@H](OC(=O)C)[C@](O)(C(=O)OC)[C@@H]2N(C=O)c5c3cc(c(c5)OC)[C@](C[C@H]67)(C(=O)OC)c8c(c9c([nH]8)cccc9)CCN(C6)C[C@](C7)(O)CC,Vincristine,2,,9.8,4.8,2.4,,3.1,1.8,0.4,,,
[C@@]123[C@H]4N(CC1)CC=C[C@@]4(CC)[C@@H](O)[C@](O)(C(=O)N)[C@@H]2N(C)c5c3cc(c(c5)OC)[C@](C[C@H]67)(C(=O)OC)c8c(c9c([nH]8)cccc9)CCN(C6)C[C@](C7)(O)CC,Vindesine,2.2,,,7.6,5,,,2.3,,,,
c1ncnn1C[C@](O)(c(c(F)c2)ccc2F)[C@@H](C)c3ncncc3F,Voricozole,8.3,9.1,1.5,,2.2,1.78,0.88,,0.42,0.44,0.49,
c1ccccc1NC(=O)CCCCCCC(=O)NO,Vorinostat,28,129.5,54.7,,0.5,1.6,0.6,,0.29,0.61,0.4581,
c1cccc(c12)c(O)c(c(o2)=O)C(CC(=O)C)c3ccccc3,Warfarin,0.06,0.17,0.3,,0.13,0.24,0.28,,0.015,0.4045,,
OC[C@@H]1CC[C@@H](O1)n2ccc(N)nc2=O,Zalcitabine,5.6,11.2,,10.3,0.54,1,,0.98,,0.85,,
O=C(C)N(CC)c1cccc(c1)-c(ccn2)n(c23)ncc3C#N,Zaleplon,16,20.7,,,1.3,1.72,,,0.4,,,
OC[C@@H](O)[C@@H](O)[C@H]1[C@H](NC(=O)C)[C@H](C=C(O1)C([O-])=O)[NH+]=C(N)N,Zamivir,1.6,31.7,,,0.23,0.8,,,0.86,,,
[N-]=[N+]=N[C@H]1C[C@@H](O[C@@H]1CO)n2cc(C)c(=O)[nH]c2=O,Zidovudine,25,25.1,14,,1.8,0.86,1,,0.8,0.687,0.827,0.707
COc1c(Cl)c(O)c(Cl)c(C)c1C(=O)O[C@H]2[C@H](O[C@@H](C[C@@]3([N+]([O-])=O)C)O[C@@H](C)[C@@H]3OC)C[C@@H](O[C@@H]2C)O[C@H]([C@H](O4)C)[C@H](O)C[C@@]45O[C@@]6(C)[C@H](O5)[C@@H](C)O[C@H]([C@H]6O)O[C@H]7[C@@H](OC)[C@@H](C)O[C@H]([C@@H]7O)O[C@H]8[C@H](O)[C@H](OC)[C@@H](O[C@@H]8COC)O[C@H](OC9)[C@H](O)[C@H](O1)[C@H]9O[C@]12[C@H]1[C@@H](OCO1)[C@@H](CO2)OC(=O)c1c(C)cc(O)cc1O,Ziracin,0.61,,,16.6,0.39,,,0.22,,,,
OP(=O)(O)C(O)(P(=O)(O)O)Cn1ccnc1,Zoledronic Acid,2.2,,4.13,,0.6,,0.28,,0.78,,,
O=C1OC[C@@H](N1)Cc(cc2)cc(c23)c(c[nH]3)CCN(C)C,Zolmitriptan,6.7,29.4,,,1.8,3.53,,,0.75,,,
Cc1ccc(cc1)-c(n2)c(CC(=O)N(C)C)n(c23)cc(C)cc3,Zolpidem,4.3,48.7,,,0.54,1.05,,,0.08,0.17,,
